931080,"name10368","deptId196878"
974114,"name98035","deptId864103"
636071,"name989308","deptId875881"
387355,"name72970","deptId927692"
491584,"name986740","deptId274236"
370856,"name502076","deptId849162"
249769,"name751168","deptId864419"
986723,"name31821","deptId960579"
504541,"name531378","deptId972704"
746462,"name28379","deptId969024"
792083,"name839915","deptId446748"
680168,"name714217","deptId530567"
292508,"name592828","deptId214128"
450881,"name985177","deptId422854"
439388,"name221293","deptId388674"
297705,"name784958","deptId944153"
705727,"name309221","deptId545702"
243543,"name212440","deptId961464"
907538,"name414905","deptId212291"
658978,"name292241","deptId705243"
242124,"name332738","deptId648056"
615066,"name6947","deptId905436"
923776,"name718051","deptId210365"
594748,"name837307","deptId526758"
69427,"name484465","deptId521192"
560432,"name502080","deptId749787"
257208,"name563046","deptId268043"
892091,"name172153","deptId331219"
891658,"name901526","deptId92574"
536249,"name949254","deptId957455"
673333,"name314626","deptId930360"
386594,"name724378","deptId838536"
77389,"name848121","deptId958924"
833984,"name231625","deptId741806"
152092,"name559427","deptId495176"
57758,"name711425","deptId737595"
494175,"name675366","deptId610377"
864742,"name992224","deptId139901"
553834,"name667658","deptId594492"
791086,"name583927","deptId854518"
857539,"name526960","deptId991854"
845744,"name577736","deptId678499"
28654,"name208640","deptId88160"
532073,"name503749","deptId382488"
680776,"name329375","deptId79079"
433630,"name215078","deptId167607"
254204,"name693400","deptId993640"
789812,"name246224","deptId415987"
865417,"name501504","deptId881006"
545584,"name79602","deptId14573"
169030,"name964204","deptId961149"
871750,"name277195","deptId893770"
339028,"name189266","deptId48410"
456575,"name382712","deptId128229"
278356,"name502841","deptId26526"
808162,"name496524","deptId519085"
405108,"name791632","deptId561948"
621883,"name189953","deptId300056"
235922,"name406785","deptId421802"
767816,"name618233","deptId949264"
53800,"name289937","deptId236175"
15575,"name113639","deptId999183"
826116,"name662402","deptId248768"
905378,"name286264","deptId563130"
552319,"name724923","deptId221399"
660205,"name625161","deptId291278"
818211,"name129043","deptId87677"
537190,"name89177","deptId386508"
618470,"name911314","deptId156547"
80550,"name61338","deptId101501"
234521,"name880826","deptId871794"
553116,"name321301","deptId918197"
285989,"name771008","deptId901330"
647861,"name975619","deptId713291"
460384,"name368585","deptId299788"
182719,"name836775","deptId731419"
890347,"name96306","deptId355572"
416042,"name681618","deptId793246"
554341,"name713199","deptId78579"
100821,"name549549","deptId199201"
960792,"name375377","deptId748357"
449556,"name238943","deptId905769"
692144,"name975420","deptId295062"
34208,"name585896","deptId541904"
696111,"name643416","deptId703466"
975946,"name27680","deptId321380"
175707,"name359691","deptId396569"
161530,"name83094","deptId923866"
61283,"name108167","deptId561299"
387661,"name750866","deptId943709"
615669,"name795328","deptId495526"
239624,"name316592","deptId33730"
950980,"name924094","deptId56276"
888016,"name570956","deptId684340"
249531,"name684473","deptId752406"
923021,"name137547","deptId323232"
650574,"name532077","deptId404713"
603040,"name631145","deptId913196"
44155,"name681802","deptId112643"
141223,"name82071","deptId332425"
518743,"name573616","deptId932813"
38055,"name576922","deptId168293"
901645,"name511080","deptId549812"
275422,"name350327","deptId745556"
666332,"name830080","deptId882686"
780819,"name736143","deptId475887"
410423,"name524784","deptId528876"
371232,"name655684","deptId834112"
30383,"name270604","deptId309463"
870172,"name925640","deptId768192"
498405,"name20617","deptId450839"
733265,"name174633","deptId891513"
834887,"name696942","deptId795474"
553835,"name354436","deptId645134"
376715,"name837165","deptId897562"
623815,"name356068","deptId756481"
980459,"name659264","deptId807394"
891038,"name360461","deptId609279"
789024,"name487693","deptId382398"
684060,"name139104","deptId32372"
546052,"name777303","deptId120242"
161200,"name851686","deptId291141"
28991,"name626267","deptId806976"
489061,"name119282","deptId780525"
576455,"name33680","deptId184644"
20414,"name417306","deptId258383"
186019,"name675561","deptId26496"
963015,"name539263","deptId72717"
295492,"name201167","deptId290865"
888749,"name832618","deptId511970"
47176,"name101495","deptId95117"
602224,"name989744","deptId965602"
59670,"name852879","deptId549121"
966320,"name90779","deptId391374"
589858,"name924627","deptId712977"
903914,"name544728","deptId906540"
558448,"name937178","deptId743791"
340206,"name831970","deptId772485"
111939,"name391393","deptId820007"
796500,"name504043","deptId778883"
390408,"name21025","deptId510851"
597833,"name835189","deptId932046"
673109,"name933763","deptId21501"
12979,"name620835","deptId940573"
168682,"name768879","deptId614484"
827265,"name507767","deptId214879"
553401,"name22042","deptId347823"
494061,"name552442","deptId182324"
986916,"name838848","deptId323233"
614591,"name699144","deptId916689"
927747,"name825202","deptId489323"
209182,"name680134","deptId739085"
21393,"name456439","deptId207124"
705206,"name613935","deptId897461"
797019,"name598789","deptId163202"
410506,"name201534","deptId93915"
640717,"name338612","deptId10843"
335661,"name356717","deptId150156"
511289,"name444063","deptId155162"
616955,"name243150","deptId466315"
852668,"name959179","deptId752811"
180448,"name146599","deptId931611"
117573,"name335911","deptId313781"
840621,"name811489","deptId200609"
94847,"name346841","deptId600987"
301197,"name460920","deptId583717"
26118,"name632741","deptId797996"
379635,"name794440","deptId851964"
822330,"name724321","deptId879443"
490265,"name827002","deptId17598"
163880,"name159319","deptId385030"
629209,"name738096","deptId45457"
104158,"name538676","deptId854908"
910069,"name900917","deptId43312"
155431,"name981441","deptId226532"
360663,"name905304","deptId521694"
339585,"name803462","deptId53668"
897237,"name985739","deptId935157"
159760,"name636658","deptId954108"
674405,"name842868","deptId858932"
916417,"name975717","deptId690170"
258861,"name897094","deptId54720"
824262,"name380157","deptId856938"
647686,"name979504","deptId722533"
591890,"name233717","deptId264172"
476042,"name24730","deptId995269"
493643,"name203657","deptId385061"
486221,"name121690","deptId876145"
89941,"name496725","deptId336104"
740513,"name94486","deptId164985"
637158,"name973503","deptId745557"
142390,"name477735","deptId315666"
572623,"name544852","deptId584582"
42109,"name732740","deptId6768"
272870,"name889945","deptId546890"
399333,"name651284","deptId769965"
545021,"name332823","deptId515081"
789837,"name591252","deptId616987"
545485,"name35148","deptId98895"
546694,"name646965","deptId316190"
384716,"name411345","deptId895629"
299215,"name206329","deptId87078"
377360,"name714586","deptId600932"
842185,"name356948","deptId536039"
351919,"name935142","deptId273347"
137445,"name946527","deptId984947"
148931,"name542143","deptId370131"
183937,"name48823","deptId883389"
781457,"name504741","deptId787551"
427130,"name496124","deptId635965"
505371,"name385278","deptId825698"
513825,"name256397","deptId935927"
482866,"name596072","deptId620251"
718361,"name106314","deptId554132"
190164,"name269903","deptId122095"
859867,"name339050","deptId634972"
620438,"name564691","deptId221533"
655955,"name387679","deptId240760"
351161,"name200687","deptId508065"
709021,"name767798","deptId402192"
903840,"name922734","deptId417085"
273875,"name969691","deptId113309"
5322,"name823692","deptId310530"
713777,"name515628","deptId606370"
314373,"name732007","deptId381162"
607560,"name348936","deptId860100"
696064,"name154580","deptId797107"
243576,"name311622","deptId181629"
701541,"name117744","deptId590322"
585846,"name141896","deptId195513"
932404,"name82145","deptId129215"
899532,"name25599","deptId381490"
327228,"name330554","deptId494824"
242913,"name393327","deptId640117"
43814,"name258571","deptId967129"
878520,"name92730","deptId746150"
973503,"name662996","deptId981096"
177247,"name603321","deptId664729"
316131,"name551442","deptId958058"
603101,"name896774","deptId472165"
434058,"name758252","deptId19391"
948866,"name60958","deptId671756"
555206,"name639535","deptId296457"
436843,"name564043","deptId350923"
205180,"name480615","deptId799214"
704423,"name565194","deptId412922"
636968,"name839870","deptId645271"
604160,"name889607","deptId462098"
793454,"name266023","deptId385878"
105893,"name123248","deptId731954"
470810,"name81362","deptId972010"
803114,"name66489","deptId164422"
903296,"name104353","deptId132342"
401245,"name160518","deptId775780"
832983,"name849629","deptId564078"
303548,"name345128","deptId117001"
342363,"name564577","deptId224792"
79267,"name36180","deptId785020"
703936,"name787138","deptId613908"
913495,"name953604","deptId674571"
805694,"name423012","deptId201810"
4303,"name559085","deptId463335"
50312,"name521409","deptId292970"
356480,"name988658","deptId890386"
319927,"name63577","deptId285424"
304043,"name106440","deptId115176"
336694,"name739398","deptId550929"
240545,"name315758","deptId820714"
359546,"name678396","deptId123128"
897665,"name577264","deptId947678"
601553,"name646103","deptId736085"
35047,"name730321","deptId650353"
873751,"name43607","deptId800526"
543304,"name368094","deptId931485"
254943,"name597729","deptId913119"
678846,"name856635","deptId461066"
919886,"name109342","deptId572031"
903474,"name963056","deptId772527"
81102,"name802214","deptId129998"
702067,"name390994","deptId560804"
175365,"name188463","deptId575841"
7389,"name21371","deptId454190"
923708,"name431052","deptId248556"
116334,"name996273","deptId894894"
589218,"name951340","deptId407840"
367133,"name188355","deptId10759"
342554,"name349965","deptId141636"
835155,"name876901","deptId301025"
813692,"name735933","deptId434396"
893035,"name742739","deptId502166"
627763,"name762303","deptId116569"
91262,"name722137","deptId388274"
588275,"name133742","deptId507190"
394164,"name663407","deptId273505"
19348,"name844615","deptId995897"
77216,"name470937","deptId233179"
427303,"name862121","deptId248370"
383112,"name748015","deptId188091"
303116,"name380007","deptId796024"
517505,"name142716","deptId929678"
228429,"name73752","deptId590783"
525798,"name436526","deptId606975"
486363,"name591850","deptId656129"
50330,"name43044","deptId624765"
211366,"name818147","deptId922330"
389800,"name411688","deptId589102"
286896,"name144624","deptId358351"
165526,"name958568","deptId591248"
244178,"name221065","deptId291289"
123992,"name982121","deptId536813"
407314,"name536610","deptId827393"
656622,"name638809","deptId5164"
714889,"name578790","deptId853068"
613847,"name144361","deptId710695"
385321,"name416827","deptId491347"
529640,"name573609","deptId695461"
823025,"name627913","deptId445830"
792238,"name866878","deptId499716"
362718,"name989817","deptId61297"
811634,"name114608","deptId858568"
541395,"name249015","deptId753731"
66043,"name674034","deptId370188"
27237,"name3111","deptId649198"
359143,"name963281","deptId696719"
11184,"name623881","deptId678954"
989826,"name924283","deptId146596"
531812,"name581521","deptId870042"
178406,"name611778","deptId355178"
580793,"name304550","deptId319097"
563477,"name952080","deptId796330"
607092,"name375563","deptId155322"
154323,"name711537","deptId555182"
980452,"name205350","deptId988680"
893674,"name571168","deptId996215"
539212,"name258342","deptId43289"
693236,"name867082","deptId779622"
832673,"name760075","deptId195247"
258176,"name994919","deptId469305"
629318,"name417144","deptId687620"
798064,"name541342","deptId865339"
381172,"name732196","deptId950857"
665973,"name680930","deptId268595"
836225,"name220751","deptId617691"
271791,"name628134","deptId938248"
614501,"name509769","deptId955747"
953519,"name994985","deptId655579"
579246,"name758010","deptId639819"
793553,"name33581","deptId658758"
604058,"name441269","deptId675446"
306723,"name370135","deptId871983"
685308,"name626464","deptId223573"
166100,"name552473","deptId288526"
535244,"name102487","deptId618161"
327004,"name271451","deptId538082"
972823,"name596159","deptId998160"
798648,"name93758","deptId276450"
472882,"name76857","deptId457364"
283387,"name154859","deptId29124"
86136,"name84025","deptId403151"
355127,"name213850","deptId445913"
449293,"name880914","deptId431278"
326232,"name425137","deptId431161"
135619,"name632851","deptId25176"
141736,"name877802","deptId423648"
842657,"name554153","deptId32819"
56706,"name422384","deptId716200"
573194,"name607599","deptId644944"
958534,"name650550","deptId876747"
978327,"name940266","deptId118727"
305147,"name64108","deptId692630"
480492,"name813448","deptId497897"
997669,"name540961","deptId593835"
399643,"name575779","deptId515077"
756795,"name184358","deptId287688"
110345,"name485552","deptId379974"
379027,"name616069","deptId190739"
27376,"name912704","deptId720293"
446724,"name492119","deptId583845"
325568,"name282279","deptId257610"
46703,"name958473","deptId265644"
458938,"name494451","deptId445598"
602682,"name355546","deptId895859"
104382,"name751672","deptId798559"
102512,"name88536","deptId312952"
59815,"name872615","deptId219454"
191616,"name378934","deptId358697"
561144,"name507317","deptId769563"
422554,"name834869","deptId27750"
162225,"name4294","deptId358941"
867762,"name965761","deptId426011"
22977,"name133208","deptId128837"
689351,"name622068","deptId579737"
133639,"name839279","deptId227571"
881036,"name343656","deptId978632"
175807,"name716222","deptId236925"
785814,"name275788","deptId402819"
110676,"name155711","deptId28881"
819869,"name323988","deptId968971"
539840,"name880648","deptId839746"
633595,"name349008","deptId514272"
759584,"name886146","deptId874485"
367664,"name472880","deptId276068"
935602,"name157976","deptId261078"
623082,"name457668","deptId910746"
582939,"name240767","deptId482367"
806785,"name758478","deptId860651"
439095,"name125806","deptId263429"
121193,"name453909","deptId711360"
29761,"name277478","deptId347785"
720799,"name650543","deptId920089"
414302,"name129318","deptId222731"
637497,"name590249","deptId890923"
229983,"name954656","deptId845659"
644331,"name70121","deptId425786"
922358,"name522071","deptId541019"
128489,"name399196","deptId567413"
593148,"name730681","deptId56195"
176437,"name226604","deptId210875"
298885,"name297809","deptId5380"
903488,"name430420","deptId708895"
601628,"name409140","deptId674571"
420854,"name189414","deptId312660"
472415,"name838651","deptId83383"
814157,"name916852","deptId864199"
177446,"name856435","deptId379916"
843574,"name808013","deptId556058"
904218,"name40271","deptId119085"
804821,"name836469","deptId876747"
869358,"name621705","deptId911208"
630212,"name878147","deptId774444"
286566,"name659899","deptId770988"
637983,"name524443","deptId101446"
503189,"name845350","deptId706333"
667220,"name48732","deptId677184"
814657,"name354142","deptId415600"
136295,"name136778","deptId998637"
363860,"name803878","deptId872573"
799490,"name240515","deptId710930"
428432,"name716453","deptId104494"
988966,"name191296","deptId698701"
287713,"name959423","deptId377474"
171816,"name652803","deptId448240"
383057,"name486409","deptId763324"
433923,"name225446","deptId292332"
551153,"name359565","deptId81734"
936550,"name89387","deptId280813"
705269,"name960045","deptId847189"
851361,"name988488","deptId786753"
519460,"name891140","deptId106520"
596919,"name685201","deptId336680"
396051,"name9696","deptId716290"
702348,"name660652","deptId867034"
399879,"name516410","deptId301746"
162354,"name957183","deptId200512"
720831,"name517493","deptId540635"
488776,"name887623","deptId607378"
135482,"name965142","deptId812496"
806317,"name657716","deptId576670"
680448,"name735362","deptId907763"
698304,"name375314","deptId137780"
303482,"name137569","deptId172131"
510578,"name60297","deptId166311"
91049,"name389956","deptId607001"
818384,"name498626","deptId278648"
80194,"name32880","deptId177450"
945123,"name878141","deptId851909"
911879,"name929750","deptId90627"
520760,"name182111","deptId285087"
437780,"name467059","deptId559849"
310137,"name625043","deptId513369"
585857,"name467921","deptId568590"
962791,"name338868","deptId309365"
397852,"name408805","deptId635195"
648027,"name442464","deptId861000"
849349,"name909260","deptId772650"
670951,"name136813","deptId275627"
890876,"name818776","deptId847755"
34982,"name159273","deptId1191"
699942,"name745528","deptId322009"
679730,"name882951","deptId966616"
440746,"name978340","deptId567529"
111809,"name156337","deptId339340"
384652,"name389087","deptId210270"
747929,"name991080","deptId710931"
33085,"name265844","deptId108543"
874019,"name747865","deptId779834"
68107,"name540033","deptId67451"
65621,"name875799","deptId514998"
860880,"name444214","deptId287082"
926891,"name729640","deptId260465"
647133,"name977044","deptId781979"
733812,"name304718","deptId327482"
354758,"name811685","deptId131181"
633507,"name537779","deptId32472"
533556,"name83999","deptId968471"
218218,"name316339","deptId375538"
335284,"name980092","deptId236809"
171545,"name889503","deptId701007"
888815,"name889467","deptId874780"
105081,"name222254","deptId599726"
728741,"name614658","deptId514225"
626594,"name114633","deptId755742"
949173,"name121646","deptId846066"
916742,"name176604","deptId716725"
785471,"name80949","deptId932769"
25332,"name156879","deptId719292"
321126,"name801195","deptId847647"
250050,"name910698","deptId657830"
934027,"name979740","deptId235798"
127847,"name13745","deptId984325"
73526,"name997810","deptId106611"
554362,"name498949","deptId190837"
215706,"name680436","deptId557025"
585617,"name819544","deptId657411"
539229,"name467657","deptId496166"
991812,"name932725","deptId139014"
349388,"name638015","deptId872924"
569732,"name546751","deptId285343"
965234,"name352349","deptId46756"
902606,"name988306","deptId484528"
297011,"name261165","deptId144711"
200878,"name463030","deptId277613"
451742,"name501697","deptId751601"
277837,"name612438","deptId71897"
320732,"name274992","deptId465652"
275,"name511884","deptId942746"
900979,"name371784","deptId368496"
697031,"name578265","deptId175600"
367862,"name812264","deptId309989"
964530,"name720845","deptId600379"
471077,"name68745","deptId799174"
86917,"name145571","deptId758996"
427924,"name309295","deptId306687"
261946,"name649522","deptId814907"
694168,"name11703","deptId996963"
389345,"name537572","deptId835080"
396565,"name24650","deptId858592"
893359,"name201247","deptId192936"
327585,"name434532","deptId791785"
276592,"name296200","deptId241688"
193771,"name407413","deptId184275"
792998,"name885966","deptId800354"
631441,"name333145","deptId549038"
857940,"name156526","deptId78996"
840257,"name247186","deptId608620"
736674,"name13777","deptId732265"
426674,"name753627","deptId632933"
564712,"name26494","deptId543727"
600574,"name101493","deptId936951"
384722,"name442877","deptId2571"
814558,"name231684","deptId69666"
235857,"name957282","deptId860028"
356719,"name339543","deptId313810"
897584,"name656874","deptId748527"
961965,"name600067","deptId794050"
620582,"name920533","deptId392460"
400393,"name986974","deptId431842"
742399,"name466144","deptId902409"
688595,"name778555","deptId681968"
498948,"name942176","deptId578543"
965524,"name727374","deptId988587"
351785,"name372437","deptId802979"
173972,"name210045","deptId6413"
690105,"name689388","deptId638286"
997740,"name156758","deptId800641"
432060,"name395161","deptId268620"
146392,"name176618","deptId566064"
318931,"name664440","deptId120682"
750506,"name203649","deptId22243"
952648,"name61082","deptId335592"
90912,"name95280","deptId463060"
154764,"name492851","deptId358397"
928104,"name995583","deptId516975"
539231,"name29004","deptId660763"
409314,"name380455","deptId327703"
402972,"name586862","deptId260914"
642218,"name514263","deptId345463"
60848,"name180073","deptId529115"
983224,"name143312","deptId730407"
727843,"name990704","deptId232330"
274080,"name525428","deptId856314"
526152,"name215135","deptId818841"
48507,"name351921","deptId243328"
571193,"name881525","deptId343892"
873040,"name950034","deptId515896"
679406,"name225616","deptId711060"
298295,"name526745","deptId719961"
872860,"name144632","deptId412369"
320729,"name833227","deptId642725"
500003,"name955131","deptId35011"
941376,"name362228","deptId451493"
871742,"name328564","deptId65899"
121051,"name966986","deptId478278"
100732,"name294913","deptId225253"
390058,"name339666","deptId873149"
638321,"name1266","deptId407832"
916091,"name896212","deptId418721"
494693,"name282314","deptId857774"
4254,"name844930","deptId471651"
394168,"name174916","deptId126040"
611530,"name358390","deptId364118"
60987,"name242126","deptId825112"
997136,"name191117","deptId258026"
334643,"name840665","deptId204048"
168334,"name184406","deptId831124"
37196,"name399223","deptId585612"
135445,"name71833","deptId795194"
468590,"name109744","deptId299786"
655905,"name287138","deptId139822"
518006,"name721644","deptId833268"
500697,"name974948","deptId859769"
786255,"name355319","deptId140562"
892350,"name77335","deptId943635"
896098,"name747186","deptId873894"
352502,"name351906","deptId287115"
394722,"name526069","deptId209206"
814179,"name574712","deptId599972"
139684,"name15156","deptId280311"
213032,"name452924","deptId385730"
160587,"name750058","deptId887650"
844568,"name527508","deptId176552"
586170,"name332202","deptId994786"
856549,"name901614","deptId189913"
569551,"name441729","deptId417311"
734486,"name341178","deptId259939"
874981,"name844062","deptId654235"
358418,"name964997","deptId334947"
458184,"name5411","deptId935854"
157323,"name72003","deptId530573"
222768,"name537745","deptId716989"
547992,"name199866","deptId131850"
983596,"name420084","deptId98382"
955458,"name19076","deptId370022"
703427,"name399621","deptId107349"
418589,"name162550","deptId130297"
420544,"name948707","deptId711631"
274280,"name275031","deptId329135"
232683,"name316508","deptId985424"
116311,"name809387","deptId545891"
562662,"name837346","deptId511448"
827250,"name735117","deptId434940"
755762,"name6886","deptId383568"
885187,"name672276","deptId870245"
411656,"name579454","deptId809925"
808803,"name619002","deptId937901"
645085,"name463937","deptId640654"
584571,"name279249","deptId675344"
853160,"name307280","deptId299806"
341042,"name280613","deptId460035"
638606,"name682593","deptId308276"
786477,"name704298","deptId151370"
793294,"name444760","deptId533693"
973841,"name272659","deptId85271"
646400,"name903288","deptId504579"
29487,"name926567","deptId584794"
438933,"name446259","deptId909895"
594961,"name376376","deptId960365"
860962,"name73015","deptId437283"
208440,"name892497","deptId828234"
869979,"name741163","deptId224652"
191337,"name783617","deptId899632"
333529,"name881915","deptId706581"
543602,"name517775","deptId831983"
385995,"name533428","deptId265990"
6173,"name608072","deptId514303"
947934,"name176779","deptId717945"
41140,"name710184","deptId924940"
127760,"name938623","deptId765812"
150468,"name354205","deptId499372"
665848,"name385286","deptId810885"
508948,"name21337","deptId530974"
683745,"name64367","deptId846745"
496938,"name759413","deptId20045"
801630,"name224419","deptId133899"
726880,"name628507","deptId213626"
665579,"name655601","deptId494301"
807645,"name924090","deptId18611"
12468,"name15064","deptId850925"
486325,"name4284","deptId372120"
335016,"name515952","deptId298247"
678092,"name50103","deptId695744"
172072,"name185316","deptId834215"
633072,"name222111","deptId554427"
893762,"name214382","deptId143772"
903313,"name742374","deptId586717"
85041,"name492545","deptId706122"
44441,"name732210","deptId339499"
475318,"name317343","deptId220568"
566304,"name821585","deptId770029"
505562,"name494361","deptId656392"
513266,"name107518","deptId687685"
990261,"name464878","deptId523169"
517225,"name865333","deptId73885"
488339,"name980177","deptId34520"
520254,"name362206","deptId954097"
970865,"name234110","deptId730855"
340765,"name444428","deptId988230"
716270,"name262306","deptId157503"
857886,"name730992","deptId600575"
348697,"name469628","deptId701612"
479491,"name387768","deptId156461"
843330,"name633540","deptId401911"
594463,"name201014","deptId726585"
200835,"name120969","deptId165012"
109749,"name65743","deptId325175"
282926,"name548097","deptId27870"
130997,"name838529","deptId210004"
360637,"name661016","deptId282038"
688177,"name880659","deptId482916"
496452,"name589598","deptId927120"
558557,"name776242","deptId439740"
127811,"name265133","deptId408506"
653256,"name758088","deptId793326"
784777,"name904045","deptId228510"
694869,"name941795","deptId1667"
630615,"name470332","deptId153380"
321832,"name591208","deptId715339"
570785,"name354361","deptId515168"
395906,"name625325","deptId180590"
679862,"name548708","deptId755960"
467855,"name510587","deptId827075"
83345,"name747543","deptId423662"
676645,"name974028","deptId126755"
425262,"name802640","deptId816126"
669847,"name937162","deptId676087"
806181,"name817230","deptId410036"
132737,"name830757","deptId375611"
545237,"name650482","deptId274157"
19553,"name394106","deptId492408"
331832,"name704363","deptId530731"
397460,"name451760","deptId349737"
800028,"name106787","deptId720172"
23527,"name38589","deptId15241"
622298,"name359724","deptId446636"
146745,"name228664","deptId452876"
858571,"name273698","deptId49852"
769322,"name981739","deptId15737"
275604,"name892110","deptId584487"
9951,"name830856","deptId538463"
830030,"name621232","deptId765179"
647933,"name284728","deptId876904"
500432,"name946365","deptId70393"
878065,"name258216","deptId396802"
786612,"name413645","deptId906"
640564,"name870919","deptId878236"
561500,"name631392","deptId844900"
913227,"name670414","deptId556588"
436287,"name61785","deptId198614"
701877,"name559075","deptId66951"
402709,"name945031","deptId174176"
890716,"name770393","deptId874296"
273183,"name995730","deptId113532"
743457,"name11286","deptId716384"
675945,"name36602","deptId307798"
449637,"name846910","deptId235665"
464961,"name77614","deptId588109"
540647,"name189530","deptId902308"
111805,"name945895","deptId877813"
875029,"name361934","deptId892996"
631693,"name816925","deptId818426"
626286,"name17716","deptId636849"
951030,"name862576","deptId511205"
587463,"name622168","deptId263785"
872309,"name868453","deptId45906"
533604,"name140520","deptId399173"
417820,"name195607","deptId199264"
660002,"name775280","deptId121909"
545713,"name171939","deptId346863"
924784,"name133071","deptId948384"
342241,"name624975","deptId118825"
425941,"name803866","deptId878247"
811535,"name907618","deptId941623"
943673,"name537614","deptId593788"
122184,"name188776","deptId524124"
954676,"name227464","deptId872725"
570862,"name188130","deptId793095"
34265,"name568296","deptId681710"
124649,"name307550","deptId639596"
344570,"name749510","deptId387738"
149011,"name698543","deptId399282"
117609,"name529082","deptId575651"
986456,"name16326","deptId453364"
736356,"name573888","deptId659238"
50973,"name290916","deptId590576"
368498,"name340558","deptId317760"
412014,"name419103","deptId942508"
660591,"name49635","deptId316971"
232731,"name855747","deptId844314"
531189,"name617553","deptId877791"
341800,"name327033","deptId696773"
272758,"name355238","deptId131496"
769413,"name635963","deptId62746"
487712,"name740711","deptId44011"
620020,"name51213","deptId18135"
782579,"name600500","deptId788891"
61840,"name628478","deptId739240"
462871,"name809190","deptId545759"
922259,"name539809","deptId463807"
985432,"name370346","deptId621072"
933154,"name51205","deptId379640"
171874,"name895015","deptId98152"
30497,"name303390","deptId293710"
250642,"name903619","deptId858377"
340204,"name461226","deptId495160"
303617,"name546176","deptId403357"
794936,"name590905","deptId315364"
523106,"name504220","deptId195345"
736927,"name676008","deptId691005"
950672,"name295127","deptId770463"
283771,"name171329","deptId737636"
381728,"name117145","deptId83049"
261695,"name817274","deptId722950"
522273,"name641305","deptId397786"
175479,"name514643","deptId655432"
66774,"name340719","deptId635029"
874012,"name741462","deptId409888"
236189,"name830160","deptId14367"
311659,"name276704","deptId177756"
583422,"name586116","deptId726860"
738216,"name334861","deptId577457"
361886,"name228250","deptId594661"
687665,"name395872","deptId265040"
900768,"name211001","deptId865923"
434217,"name568905","deptId997209"
559509,"name113086","deptId143907"
812158,"name125086","deptId61999"
768082,"name268817","deptId437277"
145367,"name999466","deptId493948"
900506,"name575009","deptId634899"
34316,"name381864","deptId992948"
258197,"name753073","deptId288953"
729034,"name408710","deptId418147"
985949,"name468383","deptId195341"
349151,"name421593","deptId993220"
168146,"name145807","deptId521632"
929362,"name500228","deptId84104"
791665,"name735804","deptId422662"
146733,"name717964","deptId77822"
992567,"name123504","deptId449682"
343858,"name643868","deptId841017"
306680,"name721729","deptId943149"
646055,"name565942","deptId876793"
907347,"name881332","deptId945262"
501686,"name703644","deptId987319"
765484,"name513769","deptId199676"
710026,"name745609","deptId543854"
527218,"name536672","deptId142728"
435557,"name154585","deptId607359"
716360,"name372601","deptId837998"
2203,"name116114","deptId569614"
148399,"name860433","deptId482066"
642950,"name393694","deptId497405"
92643,"name89840","deptId988324"
183032,"name963","deptId316623"
100819,"name559217","deptId723878"
379906,"name714244","deptId414118"
776934,"name152021","deptId314975"
473344,"name647831","deptId57571"
75065,"name144009","deptId560761"
51749,"name96344","deptId559051"
474759,"name111452","deptId878482"
144582,"name608428","deptId603159"
875859,"name852749","deptId255957"
338273,"name454780","deptId264637"
582561,"name408971","deptId993513"
542811,"name872181","deptId820433"
466059,"name782217","deptId346413"
616108,"name505972","deptId474981"
124269,"name445108","deptId104242"
882879,"name350933","deptId495727"
894738,"name121844","deptId370963"
939578,"name82886","deptId810091"
154386,"name863314","deptId554209"
399980,"name181136","deptId767296"
188030,"name894744","deptId446349"
141407,"name60289","deptId874249"
42079,"name533131","deptId180149"
898182,"name383203","deptId960872"
56149,"name137891","deptId267085"
632076,"name544614","deptId245107"
877217,"name713802","deptId913473"
492779,"name481787","deptId755356"
581359,"name64533","deptId545672"
9388,"name587820","deptId522861"
165975,"name424447","deptId498766"
442268,"name111882","deptId207806"
622719,"name545422","deptId796070"
826083,"name711398","deptId249074"
273546,"name438204","deptId920997"
96590,"name801213","deptId961183"
518459,"name952380","deptId579040"
600619,"name476616","deptId309764"
897538,"name53686","deptId88753"
712151,"name580946","deptId200600"
935322,"name829350","deptId956399"
735571,"name967568","deptId135389"
991644,"name887646","deptId360905"
104384,"name203919","deptId771532"
840002,"name260192","deptId839208"
682526,"name571336","deptId106041"
96575,"name200098","deptId567187"
607851,"name157398","deptId247749"
40588,"name451028","deptId135342"
231164,"name663472","deptId910214"
627125,"name630667","deptId759884"
710314,"name751004","deptId20209"
853032,"name403376","deptId405447"
977520,"name781632","deptId847090"
143262,"name543740","deptId4589"
155684,"name472577","deptId720576"
984611,"name508858","deptId128344"
666055,"name205587","deptId590615"
295815,"name188813","deptId110065"
93164,"name416961","deptId298211"
578960,"name958325","deptId907700"
230713,"name56745","deptId761676"
36130,"name304587","deptId194874"
173929,"name606928","deptId527147"
631947,"name697015","deptId55510"
715367,"name133067","deptId82771"
530007,"name995670","deptId147866"
985891,"name975115","deptId486276"
976544,"name965905","deptId140408"
869047,"name453850","deptId622307"
50816,"name67806","deptId582069"
705913,"name142227","deptId872021"
885330,"name171554","deptId666244"
723095,"name772074","deptId416922"
341946,"name448705","deptId869131"
677988,"name611453","deptId868671"
829377,"name430720","deptId816432"
958933,"name585296","deptId240842"
564126,"name768716","deptId878876"
192495,"name241260","deptId375479"
911596,"name362252","deptId234862"
333729,"name476355","deptId123493"
89494,"name712340","deptId111342"
199742,"name676744","deptId250056"
919516,"name480154","deptId935433"
734439,"name125159","deptId74893"
930261,"name230649","deptId788785"
348032,"name360911","deptId962417"
201257,"name870145","deptId954387"
39443,"name328365","deptId976644"
187496,"name195328","deptId918730"
377723,"name643537","deptId74464"
288478,"name459405","deptId278338"
623786,"name884255","deptId876918"
21936,"name438227","deptId617908"
671482,"name746625","deptId678416"
374721,"name187591","deptId224547"
459466,"name987328","deptId650598"
250744,"name751902","deptId344074"
199581,"name448623","deptId106701"
491894,"name727013","deptId932590"
136903,"name654936","deptId323523"
50027,"name646607","deptId981547"
527622,"name609434","deptId797003"
657481,"name443356","deptId947329"
134762,"name958550","deptId894608"
767207,"name190194","deptId934205"
838116,"name933419","deptId552933"
681554,"name280903","deptId789232"
876047,"name152599","deptId371571"
145014,"name577135","deptId703834"
836005,"name551748","deptId638463"
459899,"name754362","deptId889217"
3938,"name980492","deptId31971"
726499,"name747050","deptId813137"
491013,"name705342","deptId974978"
397734,"name655151","deptId136894"
14526,"name213312","deptId823929"
732528,"name6398","deptId84300"
190901,"name261050","deptId146169"
476403,"name850133","deptId285035"
347755,"name92031","deptId463961"
402093,"name330781","deptId258135"
545970,"name182999","deptId422350"
178982,"name668600","deptId323871"
691771,"name345818","deptId230661"
552493,"name566160","deptId353289"
381996,"name703818","deptId722859"
797613,"name771609","deptId646583"
831049,"name334416","deptId259591"
374106,"name463311","deptId791299"
660184,"name270036","deptId815479"
965896,"name215188","deptId100462"
700245,"name832847","deptId293249"
340849,"name668677","deptId627549"
199450,"name576340","deptId299188"
830857,"name625904","deptId991888"
867399,"name656161","deptId20826"
469648,"name414635","deptId800105"
452954,"name555204","deptId17850"
756995,"name699662","deptId923477"
695942,"name41322","deptId979088"
244979,"name447942","deptId865048"
735082,"name871305","deptId620123"
657928,"name656185","deptId159250"
838909,"name997590","deptId656797"
